<?xml version="1.0" encoding="UTF-8"?>
<office:document-meta xmlns:office="urn:oasis:names:tc:opendocument:xmlns:office:1.0" xmlns:xlink="http://www.w3.org/1999/xlink" xmlns:dc="http://purl.org/dc/elements/1.1/" xmlns:meta="urn:oasis:names:tc:opendocument:xmlns:meta:1.0" xmlns:ooo="http://openoffice.org/2004/office" office:version="1.2"><office:meta><meta:creation-date>2012-01-17T19:29:12</meta:creation-date><meta:document-statistic meta:table-count="0" meta:image-count="0" meta:object-count="0" meta:page-count="1" meta:paragraph-count="1" meta:word-count="4" meta:character-count="30"/><dc:date>2012-01-17T19:31:32</dc:date><meta:editing-duration>PT00H02M23S</meta:editing-duration><meta:editing-cycles>1</meta:editing-cycles><meta:generator>Exporter</meta:generator></office:meta></office:document-meta>