<?xml version="1.0" encoding="UTF-8" standalone="yes"?>
<office:document-meta xmlns:office="urn:oasis:names:tc:opendocument:xmlns:office:1.0" xmlns:meta="urn:oasis:names:tc:opendocument:xmlns:meta:1.0" xmlns:dc="http://purl.org/dc/elements/1.1/" xmlns:xlink="http://www.w3.org/1999/xlink" office:version="1.2"><office:meta><meta:generator>MicrosoftOffice/15.0 MicrosoftExcel/CalculationVersion-14420</meta:generator><dc:creator>Ignat, Andrei</dc:creator><meta:creation-date>2012-01-17T19:29:12Z</meta:creation-date><dc:date>2016-02-08T16:07:01Z</dc:date><meta:editing-cycles>1</meta:editing-cycles><meta:editing-duration>PT143S</meta:editing-duration><meta:document-statistic meta:page-count="1" meta:paragraph-count="1" meta:word-count="4" meta:character-count="30"/></office:meta></office:document-meta>